emp_no,full_name,latest_salary,recent_department,max_title,years_of_exp,age
10011,"Mary Sluis",56753,"Customer Service",Staff,36,72
10038,"Huan Lortz",64254,"Customer Service","Senior Staff",36,65
10049,"Basil Tramer",51326,"Customer Service","Senior Staff",33,64
10060,"Breannda Billingsley",93188,"Customer Service","Senior Staff",38,64
10088,"Jungsoon Syrzycki",98003,"Customer Service","Senior Staff",37,72
10098,"Sreekrishna Servieres",56202,"Customer Service","Senior Engineer",40,64
10112,"Yuichiro Swick",61070,"Customer Service",Staff,40,62
10115,"Chikara Rissland",47429,"Customer Service",Staff,40,61
10126,"Kayoko Valtorta",77310,"Customer Service","Senior Staff",40,71
10128,"Babette Lamba",67619,"Customer Service","Senior Staff",37,68
10137,"Maren Hutton",67794,"Customer Service","Senior Staff",41,66
10154,"Abdulah Thibadeau",50766,"Customer Service",Staff,35,69
10164,"Jagoda Braunmuhl",72497,"Customer Service","Senior Engineer",40,70
10176,"Brendon Lenart",71610,"Customer Service","Senior Staff",31,69
10183,"Mechthild Bonifati",51873,"Customer Service",Staff,29,71
10184,"Mihalis Lowrie",57547,"Customer Service",Staff,38,68
10210,"Yuping Alpin",42619,"Customer Service","Senior Staff",31,68
10213,"Jackson Kakkad",50786,"Customer Service",Staff,33,61
10225,"Kellie Chinen",49969,"Customer Service",Staff,39,69
10231,"Shaowen Desikan",43682,"Customer Service",Staff,29,62
10259,"Susanna Vesel",106127,"Customer Service","Senior Staff",39,61
10279,"Barton Jumpertz",55385,"Customer Service",Engineer,31,61
10286,"Saddek Gopalakrishnan",46588,"Customer Service",Staff,38,73
10334,"Falguni Erie",43932,"Customer Service",Staff,29,67
10335,"Toshimori Bahi",72639,"Customer Service","Senior Staff",33,63
10338,"Heon Ranai",46164,"Customer Service",Staff,37,65
10349,"Oksana Brodie",66474,"Customer Service","Senior Staff",34,71
10374,"Willard Rosin",73547,"Customer Service",Staff,32,70
10382,"Shirish Dredge",52580,"Customer Service",Engineer,35,70
10387,"Parto Wrigley",76026,"Customer Service","Senior Staff",39,73
10412,"Masoud Fabrizio",84971,"Customer Service","Senior Engineer",39,68
10421,"Divine Marzano",62175,"Customer Service","Senior Staff",36,67
10430,"Ferdinand Chenney",48092,"Customer Service","Senior Engineer",35,67
10432,"Hisao Tiemann",63568,"Customer Service","Senior Staff",40,72
10453,"Tsvetan Matzel",75440,"Customer Service","Senior Staff",40,72
10465,"Claudi Shackel",80628,"Customer Service","Senior Staff",38,63
10466,"Jiakeng Himler",56978,"Customer Service",Staff,40,71
10510,"Keung Slobodova",98279,"Customer Service","Senior Staff",35,66
10535,"Shalesh Stroustrup",71671,"Customer Service","Senior Staff",41,64
10580,"Christoper Rehfuss",54270,"Customer Service","Senior Staff",38,69
10601,"Barton Usdin",41107,"Customer Service",Staff,31,66
10614,"Gila Ozeri",71594,"Customer Service","Senior Engineer",36,72
10617,"Hidekazu Angel",49645,"Customer Service","Senior Staff",40,71
10646,"Uri Chorvat",60996,"Customer Service","Senior Staff",37,68
10649,"Vitali Welham",45167,"Customer Service","Senior Staff",28,70
10667,"Makato Cusworth",44520,"Customer Service","Senior Staff",35,70
10669,"Yurij Iisaka",50044,"Customer Service","Senior Staff",30,69
10682,"Bedir Haumacher",63069,"Customer Service","Senior Staff",35,69
10693,"Berhard Daescu",64360,"Customer Service","Senior Staff",40,72
10697,"Bluma Hiltgen",48005,"Customer Service",Staff,28,67
10701,"Hyuncheol Zolotykh",105545,"Customer Service","Senior Staff",39,64
10721,"Bernd Redmiles",44812,"Customer Service",Staff,31,61
10733,"Sangeeta Rodham",60861,"Customer Service","Senior Staff",30,63
10735,"Morrie Gewali",65377,"Customer Service","Senior Staff",40,61
10771,"Guiseppe Kleiser",55120,"Customer Service","Senior Staff",36,65
10773,"Avishai Bahr",40000,"Customer Service",Staff,40,65
10775,"Xiaoheng Sluis",57607,"Customer Service","Senior Engineer",37,70
10779,"Mori Yavatkar",78769,"Customer Service","Senior Staff",38,64
10781,"Patricio Leuchs",56794,"Customer Service","Senior Staff",35,67
10789,"Aruna Journel",45709,"Customer Service",Staff,39,61
10816,"Morris Caine",68737,"Customer Service","Senior Staff",36,68
10817,"Uri Rullman",78202,"Customer Service","Senior Staff",35,67
10836,"Jianhua Leivant",99085,"Customer Service","Senior Staff",40,72
10841,"Pranav Lieberherr",61080,"Customer Service","Senior Staff",35,64
10856,"Sreenivas Peck",51794,"Customer Service",Staff,39,62
10865,"Danco Etalle",76287,"Customer Service",Staff,34,65
10869,"Guangming Jonsson",39549,"Customer Service",Staff,30,63
10871,"Aram Gilg",43004,"Customer Service",Staff,37,73
10895,"Vishwani Petersohn",67103,"Customer Service",Staff,39,74
10903,"Visit Nyanchama",72986,"Customer Service","Senior Staff",37,67
10910,"Arco Jervis",65863,"Customer Service","Senior Staff",36,67
10926,"Leni Eppinger",71265,"Customer Service","Senior Engineer",35,71
10946,"Shaz Kabayashi",72210,"Customer Service",Staff,30,69
10947,"Gor Usery",53199,"Customer Service","Senior Staff",30,71
10954,"Ranga Burnard",48707,"Customer Service",Staff,35,61
10975,"Peternela Birnbaum",57909,"Customer Service","Senior Engineer",39,63
11012,"Taegyun Speckmann",77994,"Customer Service",Staff,39,72
11022,"Apostol Pintelas",102594,"Customer Service","Senior Staff",37,62
11034,"Moti Shrader",60234,"Customer Service","Senior Staff",33,64
11047,"Heping Gluchowski",51336,"Customer Service",Staff,30,67
11074,"Spyrose Peak",54055,"Customer Service","Senior Staff",33,62
11077,"Hideyuki Merro",42983,"Customer Service","Senior Staff",30,73
11094,"Xiaoshan Ratnaker",60433,"Customer Service","Senior Staff",34,67
11095,"Nathan Flowers",49217,"Customer Service",Staff,31,64
11102,"Bernardo Carrera",73153,"Customer Service",Staff,35,67
11112,"Boaz Mukaidono",52005,"Customer Service",Staff,38,71
11120,"Masato Curless",115504,"Customer Service","Senior Staff",38,64
11135,"Xinyu Mellouli",55665,"Customer Service","Senior Staff",34,67
11139,"Bogdan Homond",85274,"Customer Service","Senior Staff",40,70
11185,"Aloys Baezner",50318,"Customer Service","Senior Staff",31,71
11209,"Xuejun Penn",49122,"Customer Service",Engineer,28,61
11224,"Hugo Mitzlaff",58189,"Customer Service","Senior Staff",37,66
11232,"Hidefumi Crelier",63013,"Customer Service","Senior Staff",38,70
11244,"Navin Restivo",83132,"Customer Service","Senior Staff",40,66
11258,"Aris Maccarone",67532,"Customer Service","Senior Staff",34,72
11260,"Ingemar Schade",52435,"Customer Service",Staff,32,62
11265,"Marco DasSarma",52476,"Customer Service","Senior Staff",38,63
11274,"Masanao Nicolson",43538,"Customer Service",Staff,36,71
11278,"Sumali Juneja",76604,"Customer Service","Senior Staff",39,69
11280,"Lillian Restivo",81259,"Customer Service","Senior Staff",36,62
11305,"Augustine Schwabacher",71394,"Customer Service","Senior Staff",39,65
11314,"Vasiliy Jenevein",65753,"Customer Service","Senior Staff",35,67
11327,"Irena Krohm",62619,"Customer Service","Senior Engineer",35,66
11342,"Xudong Butner",42164,"Customer Service",Staff,28,66
11344,"Paddy Gulak",72637,"Customer Service","Senior Staff",35,70
11352,"Toney Terekhov",63798,"Customer Service","Senior Engineer",40,64
11361,"Zhonghui Birdsall",66364,"Customer Service","Senior Engineer",38,63
11373,"Yongmao Keohane",72177,"Customer Service","Senior Staff",36,72
11384,"Jaana Veccia",59277,"Customer Service","Senior Staff",31,63
11394,"Masadi Uhrik",61956,"Customer Service","Senior Staff",37,62
11399,"Luisa Plotkin",45219,"Customer Service",Staff,41,67
11407,"Thanasis Thebaut",71011,"Customer Service","Senior Staff",34,64
11411,"Shigehito Giaccio",67138,"Customer Service","Senior Staff",33,63
11423,"Guangming Kopetz",51372,"Customer Service",Staff,32,71
11424,"Lein Sudkamp",64401,"Customer Service","Senior Staff",36,62
11434,"Prodip Brendel",73203,"Customer Service","Senior Staff",33,69
11437,"Supot Vidya",65741,"Customer Service","Senior Staff",34,69
11452,"Shigehito Luby",64463,"Customer Service","Senior Staff",32,73
11463,"Rajmohan Kamber",42412,"Customer Service","Senior Staff",33,65
11494,"Neelam Kabayashi",69224,"Customer Service",Engineer,35,66
11525,"Tadahiro Huttel",82937,"Customer Service","Senior Staff",37,67
11541,"Chinhyun Coombs",65064,"Customer Service","Senior Staff",35,68
11561,"Akeno McAffer",72849,"Customer Service","Senior Staff",36,66
11563,"Teruyuki Tetzlaff",76312,"Customer Service","Senior Staff",37,67
11572,"Vidya Quittner",69492,"Customer Service","Senior Engineer",41,68
11601,"Erez Ritzmann",62142,"Customer Service","Senior Staff",35,67
11606,"Perry Pepe",49662,"Customer Service","Senior Staff",32,73
11648,"Gill Ponthieu",63060,"Customer Service","Senior Staff",34,66
11650,"Arra Luiz",45933,"Customer Service","Senior Staff",32,66
11659,"Tremaine Pileggi",87260,"Customer Service","Senior Staff",37,67
11669,"Leah Anguita",47373,"Customer Service","Senior Engineer",39,69
11695,"Gretta Serra",46989,"Customer Service",Engineer,36,67
11703,"Xuedong Chiodo",65912,"Customer Service","Senior Staff",36,68
11712,"Mohua Lyonns",43151,"Customer Service",Staff,33,64
11714,"Menkae Bultermann",40000,"Customer Service",Staff,36,64
11723,"Halsur Bauknecht",108725,"Customer Service","Senior Staff",33,63
11731,"Fumitaka Gargeya",50729,"Customer Service","Senior Staff",32,64
11732,"Sanjoy Ranft",47113,"Customer Service","Senior Engineer",40,70
11735,"Amalendu Picci",64470,"Customer Service","Senior Staff",37,71
11750,"Mong Dalphin",48626,"Customer Service",Engineer,32,69
11755,"Zhenbing Karner",81318,"Customer Service","Senior Staff",35,71
11771,"Arvin Roisin",57899,"Customer Service","Senior Staff",37,65
11788,"Georgy Gopalakrishnan",92217,"Customer Service","Technique Leader",39,63
11807,"Chriss Binding",69205,"Customer Service","Technique Leader",33,70
11815,"Akemi Sommen",82867,"Customer Service","Technique Leader",39,62
11822,"Sastry Madeira",82571,"Customer Service",Staff,36,71
11831,"Udaiprakash Billingsley",68401,"Customer Service","Senior Engineer",32,62
11841,"Elvia Bugrara",104274,"Customer Service",Staff,33,70
11851,"Suvo Copas",60491,"Customer Service","Senior Staff",34,64
11864,"Pradeep Kriebel",60826,"Customer Service",Staff,40,73
11865,"Kasturi Rodham",40000,"Customer Service",Staff,31,69
11877,"Heng Sudkamp",57696,"Customer Service","Senior Staff",32,72
11879,"Heping Garigliano",69385,"Customer Service","Senior Staff",38,68
11909,"Yuichiro Kobuchi",66008,"Customer Service","Senior Staff",39,69
11948,"Yahiko Nergos",66558,"Customer Service","Senior Engineer",36,74
11973,"Aamod Erdmenger",68591,"Customer Service","Senior Staff",36,68
11986,"Reinhard Azuma",72224,"Customer Service","Senior Staff",34,63
12035,"Moss Speer",51772,"Customer Service","Senior Staff",33,69
12037,"Arunas Katzenelson",84059,"Customer Service","Senior Staff",39,72
12039,"Kazuhide Junet",74897,"Customer Service","Senior Staff",37,61
12067,"Doowon Kalsbeek",104740,"Customer Service","Senior Staff",39,63
12085,"Hugh Rouquie",74731,"Customer Service","Senior Staff",39,61
12094,"Weiru Pearson",66582,"Customer Service","Senior Staff",36,70
12103,"Becky Erie",60679,"Customer Service",Staff,38,71
12135,"Aiman Rikino",40000,"Customer Service",Staff,33,64
12145,"Xiong Peir",43538,"Customer Service",Staff,39,68
12152,"Amalendu Nyrup",92127,"Customer Service","Senior Staff",33,62
12167,"Hisao Kornyak",78605,"Customer Service","Senior Staff",34,64
12168,"Arnd Salverda",52563,"Customer Service","Senior Staff",34,71
12186,"Guther Nooteboom",86072,"Customer Service","Senior Staff",36,73
12188,"Vasilis Waleschkowski",52237,"Customer Service","Senior Engineer",30,70
12202,"Fai Slaats",46624,"Customer Service",Staff,30,68
12207,"Radoslaw Menyhert",66955,"Customer Service","Senior Staff",39,67
12227,"Pramod Percebois",42139,"Customer Service",Staff,36,67
12241,"Ulises Rando",99333,"Customer Service","Senior Staff",38,66
12248,"Christoper Pramanik",45054,"Customer Service",Staff,36,68
12252,"Genki Jiang",67038,"Customer Service","Senior Engineer",39,69
12304,"Martien Baja",74589,"Customer Service","Senior Staff",39,67
12325,"Alassane Randt",89485,"Customer Service",Staff,37,68
12366,"Patricio Setlzner",52988,"Customer Service",Staff,31,73
12371,"Paraskevi Choobineh",50080,"Customer Service",Engineer,41,61
12378,"Sadok Setia",53671,"Customer Service","Senior Staff",35,67
12398,"Arif Solovay",66676,"Customer Service",Staff,32,69
12420,"Douadi Rande",89071,"Customer Service",Engineer,39,68
12438,"Yongmao Mondadori",128659,"Customer Service","Senior Staff",35,72
12439,"Shigeo Kaiserswerth",66040,"Customer Service","Senior Staff",35,67
12446,"Xiaoqiang Keustermans",85189,"Customer Service","Senior Staff",38,62
12448,"Honglan Salverda",78895,"Customer Service","Senior Staff",38,61
12496,"Guiseppe Chimia",61412,"Customer Service","Technique Leader",40,65
12509,"Rutger Krzyzanowski",65948,"Customer Service","Senior Staff",34,71
12525,"Kokou Senzako",76847,"Customer Service","Senior Staff",36,66
12528,"Conor Cincotta",73310,"Customer Service","Senior Staff",37,73
12529,"Mang Anido",66408,"Customer Service","Senior Staff",39,65
12577,"Takushi Schrift",58719,"Customer Service",Engineer,29,61
12578,"Tamiya Perin",69946,"Customer Service","Senior Staff",39,62
12597,"Kazuhito Petereit",63908,"Customer Service","Senior Staff",34,73
12630,"Sreekrishna Falco",60363,"Customer Service","Senior Staff",36,71
12635,"Xinyu Restivo",53880,"Customer Service","Senior Engineer",40,73
12636,"Yuuichi Debuse",68820,"Customer Service","Senior Staff",36,70
12656,"Seshu Morton",91484,"Customer Service","Senior Staff",31,70
12664,"Zhonghua Parveen",43322,"Customer Service",Staff,38,73
12683,"Mana Chorvat",75724,"Customer Service","Senior Engineer",33,63
12688,"Dietrich Riexinger",58846,"Customer Service","Senior Staff",37,69
12706,"Akeno Woycyznski",73174,"Customer Service","Senior Staff",31,63
12729,"Nahla Rahier",72587,"Customer Service","Senior Engineer",38,71
12745,"Ziyad Passafiume",55676,"Customer Service","Senior Staff",35,62
12757,"Karlis Cooke",88895,"Customer Service","Senior Engineer",36,61
12771,"Erez Luks",64367,"Customer Service","Senior Staff",37,62
12775,"Mariangiola Berendt",94483,"Customer Service",Engineer,40,73
12785,"Bouchung Armand",80225,"Customer Service","Senior Engineer",35,71
12792,"Gio Lally",98039,"Customer Service","Senior Staff",38,68
12806,"Mayuri Ramamoorthy",49105,"Customer Service",Staff,40,62
12820,"Kazuhiro Lorin",56641,"Customer Service","Senior Staff",35,66
12829,"Harngdar Harbusch",64532,"Customer Service","Senior Engineer",30,70
12841,"Gudjon Hertweck",65389,"Customer Service","Senior Staff",34,66
12846,"Krisda Cyne",76625,"Customer Service","Senior Staff",37,71
12853,"Mang Brobst",67509,"Customer Service","Senior Staff",39,72
12860,"Zejun Babb",69218,"Customer Service","Senior Engineer",34,63
12871,"Shay Zockler",41100,"Customer Service",Staff,36,70
12894,"Heng Stafford",85838,"Customer Service","Senior Staff",33,67
12910,"Uno Casley",78636,"Customer Service",Staff,33,71
12912,"Zejun Yoshizawa",69135,"Customer Service","Senior Staff",40,66
12932,"Mingsen Sankaranarayanan",50245,"Customer Service","Senior Engineer",36,62
12944,"Alselm Benzmuller",58479,"Customer Service","Senior Staff",36,70
12950,"Aiman Rissanen",68877,"Customer Service","Senior Staff",38,66
12959,"Shigenori Beidas",56875,"Customer Service",Staff,31,64
13034,"Arunas Rosen",98776,"Customer Service","Senior Staff",33,71
13056,"Arvind Zirintsis",125872,"Customer Service","Senior Staff",40,67
13082,"Koldo DuBourdieux",51539,"Customer Service",Staff,34,63
13095,"Khedija Cochrane",40000,"Customer Service",Staff,35,74
13118,"Jaana Pavlopoulou",55900,"Customer Service","Senior Staff",33,66
13133,"Guther Senzako",97975,"Customer Service","Senior Staff",40,70
13181,"Qiwen Sluis",66906,"Customer Service",Engineer,37,62
13203,"Phule Emmart",53506,"Customer Service","Senior Staff",36,72
13216,"Stabislas Weedman",45911,"Customer Service",Staff,35,73
13226,"Saeko Solares",69010,"Customer Service","Senior Engineer",38,63
13234,"Wuxu Makinen",50731,"Customer Service",Staff,41,66
13235,"Taizo Remmers",65395,"Customer Service",Engineer,34,71
13272,"Arun Jiang",82712,"Customer Service","Senior Staff",41,72
13280,"Gunilla Cappelletti",72175,"Customer Service","Senior Staff",40,62
13287,"Kamakshi Fetvedt",62830,"Customer Service",Staff,31,67
13293,"Neelam Yurov",78361,"Customer Service",Staff,33,62
13294,"Haldun Stroustrup",63837,"Customer Service",Staff,33,71
13298,"Sasan Shokrollahi",68752,"Customer Service","Senior Staff",39,65
13328,"Khedija Vilarrasa",44621,"Customer Service",Staff,32,61
13370,"Nidapan Macedo",60368,"Customer Service","Senior Staff",35,61
13379,"Kinh Engelmann",62293,"Customer Service","Senior Staff",35,72
13396,"Chuanyi Aumann",61625,"Customer Service","Senior Staff",38,73
13426,"Weijing Paludetto",58006,"Customer Service",Staff,34,69
13441,"Matk Clouatre",70174,"Customer Service","Senior Engineer",37,67
13450,"Nectarios Hennebert",69849,"Customer Service","Senior Engineer",40,64
13458,"Feipei Nivat",63052,"Customer Service","Senior Engineer",40,71
13468,"Seshu Erbe",66899,"Customer Service","Senior Staff",38,65
13489,"Fumino Itschner",103089,"Customer Service","Senior Staff",38,62
13505,"Chandrasekaran Hambrick",60469,"Customer Service",Staff,33,71
13519,"Kristin Cardazo",92619,"Customer Service","Senior Staff",31,68
13523,"Dines Karunanithi",49224,"Customer Service",Staff,35,74
13583,"Iara Rusterholz",61966,"Customer Service","Senior Staff",34,66
13606,"Tuval Feldmann",98968,"Customer Service",Staff,29,66
13610,"Fumiko Verspoor",52492,"Customer Service",Staff,30,66
13634,"Bezalel Biros",61725,"Customer Service","Senior Engineer",34,63
13679,"Hilari Kavanagh",46758,"Customer Service",Staff,31,68
13687,"Neelam Kaminger",68897,"Customer Service","Senior Staff",34,65
13705,"Kwangho Coombs",53467,"Customer Service","Senior Staff",35,65
13711,"Tesuro Pusterhofer",65653,"Customer Service","Senior Staff",37,69
13726,"Nahum Aseltine",92579,"Customer Service","Senior Staff",34,67
13735,"Feipei McAlpine",45784,"Customer Service",Engineer,37,66
13743,"Bezalel Ruemmler",47986,"Customer Service","Senior Staff",32,69
13753,"Dmitri Hagimont",42789,"Customer Service",Staff,40,66
13763,"Etsuo Tsukune",99196,"Customer Service","Senior Staff",37,68
13766,"Tremaine Heemskerk",65504,"Customer Service","Senior Staff",39,73
13768,"Sedat Lovengreen",45433,"Customer Service",Staff,39,72
13771,"Franziska Yavatkar",59895,"Customer Service","Senior Staff",35,63
13794,"Hilari Rosti",67371,"Customer Service","Senior Engineer",39,67
13809,"Kiyotoshi Basagni",80702,"Customer Service","Senior Staff",40,72
13827,"Subbu Castellani",71098,"Customer Service","Senior Staff",37,63
13838,"Giao Stellhorn",67392,"Customer Service","Senior Staff",37,71
13889,"Yaghout Wossner",51242,"Customer Service",Staff,35,70
13919,"Brewster Sinicrope",57611,"Customer Service",Engineer,26,73
13939,"Reinhold Cherinka",64601,"Customer Service","Senior Staff",40,62
13945,"Yuguang Hooghiemstra",48548,"Customer Service",Staff,35,67
13966,"Boguslaw Cooman",64854,"Customer Service","Senior Staff",37,72
13967,"Ymte Pettis",72809,"Customer Service","Senior Engineer",37,62
13974,"Youjian Perin",48339,"Customer Service",Staff,28,67
13977,"JiYoung Conti",51252,"Customer Service",Engineer,31,66
13980,"Mohammad Baalen",54749,"Customer Service","Senior Staff",31,62
14029,"Doohun Luders",50138,"Customer Service","Senior Staff",28,62
14045,"Ymte Alpin",44895,"Customer Service",Staff,39,72
14068,"Franziska Yamaashi",49698,"Customer Service",Staff,33,69
14073,"Fumino Rajcani",71963,"Customer Service","Senior Staff",40,63
14111,"Leszek Cummings",73753,"Customer Service","Senior Staff",38,70
14117,"Janche Pehl",63558,"Customer Service","Senior Staff",30,66
14118,"Kasturi Anido",70270,"Customer Service","Senior Staff",40,73
14119,"Katsuo Georgakopoulos",94017,"Customer Service","Senior Staff",37,66
14170,"Houman Kropf",76501,"Customer Service",Staff,28,65
14178,"Stepehn Begiun",47338,"Customer Service",Staff,30,66
14179,"Sverrir Emiris",60268,"Customer Service","Senior Staff",33,67
14205,"Rosella Tsukuda",54541,"Customer Service","Senior Staff",34,68
14207,"Franziska Schaaf",51417,"Customer Service","Senior Staff",41,64
14208,"Macha Feinberg",68339,"Customer Service","Senior Staff",36,68
14215,"Olivera Lindqvist",48671,"Customer Service",Staff,38,69
14227,"Miyeon Roohalamini",66342,"Customer Service","Senior Staff",41,62
14233,"Zijian Blokdijk",56339,"Customer Service","Senior Staff",37,71
14235,"Eben Papsdorf",43444,"Customer Service","Senior Staff",33,69
14237,"Abdulla Gerlach",97969,"Customer Service","Senior Engineer",39,71
14242,"Sudhanshu Benaini",84725,"Customer Service","Senior Staff",40,71
14250,"Vitaly DeMori",49322,"Customer Service",Staff,32,69
14262,"Mizuhito Flexer",58535,"Customer Service",Staff,40,67
14268,"Bangqing Vadhan",46801,"Customer Service",Staff,40,62
14271,"Rosita Bernatsky",69968,"Customer Service","Senior Staff",39,61
14294,"Jaber Hegner",58875,"Customer Service","Senior Staff",38,65
14304,"Zejun Hiltgen",51776,"Customer Service",Staff,30,66
14328,"Perry Randi",52987,"Customer Service","Senior Staff",37,69
14337,"Utpal Wursthorn",41576,"Customer Service",Staff,40,61
14365,"Shin Picci",58242,"Customer Service","Senior Staff",34,64
14391,"Haldon Pesch",71011,"Customer Service","Senior Staff",37,63
14394,"Kinh Zaumen",66520,"Customer Service","Senior Staff",34,72
14410,"Chuanti Emden",66307,"Customer Service","Senior Engineer",36,66
14421,"Ekawit Bharadwaj",82854,"Customer Service","Senior Staff",30,66
14438,"Tokuyasu Gladwell",93270,"Customer Service","Senior Engineer",32,62
14447,"Prodip Denos",44565,"Customer Service",Engineer,39,69
14453,"Jaewon Paciorek",59561,"Customer Service","Senior Staff",36,68
14463,"Kenroku Showalter",50965,"Customer Service",Staff,38,65
14464,"Christoper Binding",56699,"Customer Service",Staff,31,63
14490,"Tran Azulay",76611,"Customer Service",Staff,31,72
14532,"Duangkaew Docker",60185,"Customer Service",Staff,31,64
14563,"Xuejia Douceur",57220,"Customer Service","Senior Staff",36,72
14565,"Edwin Kroft",89871,"Customer Service","Senior Staff",40,64
14589,"Shawna Narahari",48536,"Customer Service",Staff,35,72
14600,"Jayson Cairo",68775,"Customer Service","Senior Staff",37,73
14601,"Cedric Soicher",47934,"Customer Service","Senior Staff",31,65
14605,"Kellyn Cools",73164,"Customer Service","Senior Engineer",38,62
14634,"Shirish Lamba",57528,"Customer Service","Technique Leader",36,70
14649,"Nigel Parfitt",65068,"Customer Service","Senior Staff",39,64
14651,"Bedrich Hopewell",65904,"Customer Service","Senior Staff",38,63
14678,"Angus Constantine",44773,"Customer Service",Staff,34,72
14683,"Alois Basart",71353,"Customer Service","Senior Engineer",39,71
14693,"Brewster Stranks",92383,"Customer Service","Senior Staff",39,73
14695,"Udo Cromarty",55925,"Customer Service","Senior Staff",40,69
14701,"Kwee Nittel",76906,"Customer Service","Senior Engineer",39,62
14717,"Willard Marsiglia",56166,"Customer Service","Senior Staff",36,71
14718,"Arto Gniady",61077,"Customer Service","Senior Staff",38,69
14719,"Willard Luga",69689,"Customer Service","Senior Engineer",38,65
14731,"Hyuckchul Roccetti",51015,"Customer Service",Staff,36,62
14762,"Kayoko Bolotov",72893,"Customer Service","Senior Staff",39,63
14771,"Lene Chelton",50038,"Customer Service","Senior Staff",33,68
14785,"Zhonghua Kaiser",79504,"Customer Service","Senior Engineer",40,70
14786,"Duke Hainaut",65431,"Customer Service","Senior Staff",37,64
14795,"Dung Merkl",46942,"Customer Service","Technique Leader",39,61
14814,"Odysseas Nishimukai",63944,"Customer Service","Senior Staff",38,70
14816,"Lijia Hebden",52644,"Customer Service","Senior Staff",36,69
14829,"Bojan Wilharm",92611,"Customer Service","Senior Staff",39,68
14832,"Torsten Siprelle",54668,"Customer Service",Staff,27,70
14844,"Mats Rabejac",78539,"Customer Service","Technique Leader",39,69
14854,"Angus Perko",68028,"Customer Service","Senior Staff",38,72
14858,"Arie Taubman",50377,"Customer Service",Staff,34,64
14865,"Ute Serra",91183,"Customer Service","Senior Staff",39,70
14920,"Billur Eugenio",57900,"Customer Service","Senior Staff",32,72
14937,"Duke Angot",93104,"Customer Service",Staff,31,65
14944,"Jixiang Douceur",57187,"Customer Service","Senior Staff",34,62
14968,"Fox Trachtenberg",59521,"Customer Service","Senior Engineer",31,64
14970,"Gererd Tiemann",46799,"Customer Service","Senior Staff",37,68
14979,"Steen Marletta",88215,"Customer Service",Staff,37,64
14994,"Mostafa Middleton",64186,"Customer Service","Senior Staff",39,69
15012,"Xiping Halloran",61382,"Customer Service","Senior Staff",34,68
15024,"Yurii Rullman",41532,"Customer Service",Staff,40,71
15025,"Vincent Lagarias",80236,"Customer Service","Senior Staff",36,73
15028,"Toney Mandell",59256,"Customer Service","Senior Engineer",39,62
15029,"Giordano Koshino",57635,"Customer Service","Senior Staff",38,71
15032,"Kish Zockler",51447,"Customer Service",Staff,35,70
15049,"Khun Waymire",60363,"Customer Service","Senior Staff",38,71
15059,"Moheb Honglei",48112,"Customer Service","Senior Staff",32,72
15070,"Mani Delgrossi",47098,"Customer Service",Staff,31,65
15086,"Billie Soloway",66042,"Customer Service","Senior Staff",33,66
15092,"Remmert Bahi",83480,"Customer Service","Senior Staff",40,70
15177,"Kousuke Luiz",46348,"Customer Service",Staff,36,69
15222,"Gift Kamble",49006,"Customer Service","Technique Leader",35,61
15270,"Premsyl Beutelspacher",56236,"Customer Service","Senior Staff",31,69
15273,"Kwangsub Clemencon",54158,"Customer Service","Senior Staff",35,70
15278,"Adam Rohrbach",51436,"Customer Service",Staff,38,72
15293,"Pantung Puppo",75648,"Customer Service","Technique Leader",38,61
15312,"Deniz Linnainmaa",44177,"Customer Service",Engineer,38,71
15316,"Fumiyo Marchesini",72386,"Customer Service","Senior Staff",33,67
15351,"Saniya Biros",80848,"Customer Service","Senior Staff",38,68
15354,"Chikara Nyrup",51683,"Customer Service",Staff,41,71
15363,"Frederique Wroclawski",63790,"Customer Service","Senior Staff",38,69
15389,"Berry Farrel",52690,"Customer Service","Senior Staff",31,62
15391,"Cedric Bonifati",122943,"Customer Service","Senior Engineer",40,64
15395,"Monique Jakobus",50491,"Customer Service","Senior Staff",30,73
15403,"Hailing Stavenow",85837,"Customer Service","Senior Staff",36,70
15449,"Yinghua Kropf",97751,"Customer Service","Senior Staff",38,61
15465,"Seshu Ducloy",57795,"Customer Service","Senior Engineer",33,72
15499,"Tetsushi Simkin",103319,"Customer Service","Senior Staff",35,67
15528,"Morrie Demos",61349,"Customer Service","Senior Staff",39,69
15559,"Zhiguo Gini",74522,"Customer Service","Senior Staff",36,64
15563,"Constantino Zykh",85674,"Customer Service","Senior Staff",38,74
15572,"Sven Nannarelli",47750,"Customer Service",Staff,28,65
15576,"Sadegh Baak",57602,"Customer Service","Senior Staff",33,68
15652,"Tokuyasu Sundgren",52283,"Customer Service","Senior Staff",40,65
15678,"Suebskul Barvinok",99688,"Customer Service","Senior Staff",40,62
15679,"Goo Dulli",54672,"Customer Service",Staff,30,63
15680,"Bernardo Plavsic",109688,"Customer Service","Senior Staff",35,67
15728,"Jaewon Nooteboom",72123,"Customer Service","Senior Staff",39,70
15730,"Karlis Morton",62901,"Customer Service","Senior Staff",34,65
15733,"Amalendu Lipner",64287,"Customer Service","Senior Staff",36,73
15752,"Gro Lagarias",43567,"Customer Service",Staff,37,66
15758,"Toshiko Monarch",71200,"Customer Service",Staff,31,64
15764,"Uli Rettelbach",62240,"Customer Service","Senior Staff",38,70
15785,"Mountaz Ritcey",41578,"Customer Service",Staff,34,63
15791,"Conal Wendorf",102694,"Customer Service","Senior Engineer",39,65
15823,"Angus Langford",56868,"Customer Service","Senior Staff",31,62
15837,"Margareta Showalter",93413,"Customer Service","Senior Staff",30,64
15843,"Georgi Varley",71434,"Customer Service","Senior Staff",38,67
15863,"Elliott Schnelling",61841,"Customer Service",Staff,37,66
15875,"Anwar Halevi",80428,"Customer Service","Senior Staff",30,65
15884,"Demin Mahnke",53271,"Customer Service","Senior Staff",29,62
15907,"Lidong Makinen",62386,"Customer Service",Staff,33,63
15910,"Maren Kornatzky",53355,"Customer Service",Staff,29,70
15911,"Shaibal Viele",71991,"Customer Service","Senior Engineer",39,73
15914,"Tsuneo Attimonelli",48513,"Customer Service",Staff,32,66
15915,"Freyja Rahimi",85372,"Customer Service","Senior Staff",39,67
15933,"Fei Broomell",65635,"Customer Service","Senior Staff",36,66
15950,"Subir Baak",70977,"Customer Service","Senior Staff",34,62
15976,"Sangeeta Joslin",64550,"Customer Service","Senior Staff",40,63
15996,"Prasadram Kakkad",70563,"Customer Service","Senior Staff",32,68
16011,"Mohit Yoshizawa",62339,"Customer Service","Senior Staff",39,65
16029,"Zhilian Schicker",74040,"Customer Service","Senior Engineer",39,62
16038,"Sreenivas Schrift",54849,"Customer Service",Staff,37,61
16039,"Satoru Menhoudj",65561,"Customer Service","Technique Leader",36,69
16044,"Mang Heinisuo",103159,"Customer Service","Senior Staff",40,69
16050,"Khedija Marrevee",84565,"Customer Service",Staff,30,68
16061,"Sverrir Luan",83729,"Customer Service","Senior Engineer",40,64
16072,"Youpyo Ginneken",40023,"Customer Service",Staff,32,72
16101,"Mohammed Koshiba",92652,"Customer Service","Senior Staff",36,66
16112,"Kwangho Molenkamp",59771,"Customer Service","Senior Staff",30,68
16118,"Arno Gimarc",55809,"Customer Service","Senior Staff",35,71
16121,"Takushi Greenaway",42863,"Customer Service",Staff,38,61
16126,"Tse Crabtree",75183,"Customer Service",Staff,37,70
16153,"Shir Cyre",58159,"Customer Service",Staff,31,63
16164,"Janche Kinley",88118,"Customer Service","Senior Engineer",39,71
16178,"Karsten Marchegay",47657,"Customer Service",Staff,37,63
16192,"Leandro Sigstam",57665,"Customer Service","Senior Engineer",39,71
16202,"Goh Czap",62776,"Customer Service","Senior Engineer",36,69
16220,"Alenka Sooriamurthi",55756,"Customer Service","Senior Staff",33,69
16229,"Ronnie Lanzelotte",50354,"Customer Service","Senior Staff",37,70
16234,"Jacopo Basart",75746,"Customer Service","Senior Staff",39,72
16253,"Srinidhi Prenel",54446,"Customer Service",Staff,34,64
16264,"Vidar Schmiedel",81300,"Customer Service","Senior Staff",35,64
16270,"Khoa Thorelli",99307,"Customer Service","Senior Staff",35,72
16283,"Izaskun Fortenbacher",77608,"Customer Service",Staff,39,65
16320,"Domenick Ligten",62667,"Customer Service","Senior Staff",35,70
16321,"Parviz Schlenzig",76037,"Customer Service","Senior Staff",40,61
16335,"Richara Stiles",60366,"Customer Service","Senior Staff",34,64
16339,"Luise Gunderson",53615,"Customer Service",Staff,35,61
16371,"Duri Danlos",77672,"Customer Service","Senior Staff",39,62
16380,"Zhilian Chleq",81466,"Customer Service","Senior Staff",39,70
16388,"Subhankar Georgatos",53483,"Customer Service","Senior Staff",37,73
16389,"Kwangjo Sadowsky",120201,"Customer Service","Senior Staff",40,62
16399,"Apostol Collette",81557,"Customer Service","Senior Staff",37,71
16458,"Lubomir Ulupinar",53326,"Customer Service","Senior Staff",38,61
16473,"Spyrose Setlzner",47179,"Customer Service","Senior Staff",36,65
16484,"Remko Redmiles",91896,"Customer Service","Senior Staff",32,73
16491,"Emdad Radwan",50857,"Customer Service","Senior Staff",37,73
16493,"Rafols Cooley",79877,"Customer Service","Senior Staff",39,63
16497,"Tzu Lorin",79306,"Customer Service",Staff,38,69
16502,"Brigham Honiden",84607,"Customer Service",Staff,38,63
16503,"Sumali Ramsay",62762,"Customer Service","Senior Staff",34,66
16506,"Yuichiro Lalonde",44323,"Customer Service",Staff,36,69
16510,"Mototsugu Vecchio",75254,"Customer Service","Senior Staff",39,71
16512,"Huei Aloia",48351,"Customer Service",Staff,34,63
16515,"Moss Trelles",51237,"Customer Service","Senior Staff",30,69
16517,"Marko Alpin",79492,"Customer Service","Senior Staff",40,69
16523,"Reinhold Rebaine",70606,"Customer Service","Senior Staff",40,63
16530,"Martina Ozeri",49548,"Customer Service",Staff,33,72
16531,"Shounak Ponthieu",45838,"Customer Service",Staff,30,70
16540,"Zengping Hashii",107411,"Customer Service","Senior Staff",37,65
16542,"Moti Thisen",81288,"Customer Service","Senior Staff",34,66
16550,"Huican Vilarrasa",74201,"Customer Service","Senior Staff",39,63
16567,"Hein Senzako",70782,"Customer Service","Senior Staff",38,72
16578,"Krassimir Luef",39931,"Customer Service",Engineer,35,71
16582,"Sanjiv McFarlin",44578,"Customer Service",Staff,34,71
16605,"Anestis Taneja",70381,"Customer Service","Senior Staff",40,69
16624,"Tiina Strandh",44493,"Customer Service","Senior Staff",32,63
16634,"Parviz Peroz",61720,"Customer Service","Senior Staff",39,69
16642,"Zhaofang Hiroyama",71732,"Customer Service","Senior Staff",37,67
16688,"Zejun Lund",47638,"Customer Service",Staff,36,69
16695,"Chaosheng Thiran",70103,"Customer Service",Staff,28,73
16700,"Shigeu Moffat",86327,"Customer Service","Senior Staff",31,64
16722,"Torsten Bain",68464,"Customer Service","Senior Staff",31,62
16723,"Mohd Randt",90540,"Customer Service","Senior Staff",39,70
16762,"Ronnie Bresenham",46321,"Customer Service",Staff,29,69
16771,"Elvia Welham",69355,"Customer Service","Senior Staff",36,65
16773,"Duri Pramanik",46242,"Customer Service",Staff,33,69
16776,"Gil Azevdeo",62405,"Customer Service","Senior Staff",34,73
16783,"Takahira Spataro",65823,"Customer Service","Senior Staff",35,71
16806,"Sreekrishna Dayana",88592,"Customer Service","Senior Staff",37,73
16807,"Ghassan Ginesta",56471,"Customer Service",Staff,40,68
16811,"Baziley Krichel",60336,"Customer Service","Senior Staff",36,64
16813,"Pranav Rajaraman",72872,"Customer Service","Senior Staff",38,66
16822,"Shen Spell",122243,"Customer Service","Senior Staff",37,62
16852,"Yefim Fontet",79177,"Customer Service","Senior Engineer",40,72
16862,"JiYoung Eppinger",70147,"Customer Service","Senior Engineer",40,70
16865,"Gou Rosin",70041,"Customer Service","Senior Staff",40,61
16879,"Pranjal Schnabel",52756,"Customer Service",Staff,29,62
16899,"JiYoung Camarinopoulos",54169,"Customer Service",Staff,29,63
16916,"Kerhong Eickenmeyer",82228,"Customer Service","Senior Staff",35,70
16926,"Fen Mitina",49850,"Customer Service","Senior Staff",39,65
16938,"Shmuel Shigei",51543,"Customer Service",Engineer,27,72
16947,"Leni Ranai",53319,"Customer Service","Senior Staff",33,64
16949,"Marla Demeyer",78954,"Customer Service",Staff,40,68
16957,"Raimond Vandervoorde",80815,"Customer Service","Senior Staff",39,66
16970,"Renee Haraldson",100790,"Customer Service","Senior Staff",35,68
16989,"Limsoon Ruther",62992,"Customer Service",Engineer,36,61
16991,"Oksana Birke",80594,"Customer Service","Senior Staff",40,62
16998,"Katsuyuki Weedon",48283,"Customer Service","Senior Staff",36,62
17038,"Marco Guenter",54405,"Customer Service","Senior Staff",35,62
17041,"Nishit Montemayor",71309,"Customer Service","Senior Staff",39,74
17045,"Yuping Rando",78665,"Customer Service","Senior Staff",37,67
17057,"Lokesh Krybus",48054,"Customer Service",Staff,35,73
17062,"Shai Laurillard",93655,"Customer Service",Staff,36,71
17072,"Richara Bala",63042,"Customer Service","Senior Staff",39,71
17078,"Gill Hinsberger",60954,"Customer Service","Senior Staff",38,71
17122,"Luerbio Journel",40131,"Customer Service","Assistant Engineer",33,68
17126,"Matk Schapire",46896,"Customer Service","Senior Staff",39,74
17154,"Aria Milicia",51157,"Customer Service",Staff,38,71
17158,"Danai Vecchio",65674,"Customer Service","Senior Engineer",37,72
17166,"Garnik Crelier",61928,"Customer Service","Senior Engineer",37,64
17182,"Mayuri Strooper",82313,"Customer Service","Senior Staff",41,65
17186,"Susanne Streit",61273,"Customer Service","Senior Engineer",35,63
17204,"Jacqueline Erdmenger",60697,"Customer Service","Senior Staff",39,72
17229,"Kenroku Gulla",40000,"Customer Service",Staff,27,67
17232,"Lihong Baaz",95169,"Customer Service","Senior Staff",39,66
17239,"Nectarios Panangaden",58725,"Customer Service","Senior Staff",30,63
17249,"Zhiwei Horswill",60419,"Customer Service","Senior Staff",35,61
17252,"Chaosheng Chaudhuri",50863,"Customer Service","Senior Staff",33,66
17258,"Gladys Takkinen",64233,"Customer Service","Technique Leader",39,67
17265,"Xiping Whitcomb",58890,"Customer Service","Senior Staff",37,65
17267,"Henk Gihr",51554,"Customer Service",Staff,39,65
17274,"Along Krohm",47799,"Customer Service",Staff,38,63
17279,"Pramod Braccini",78037,"Customer Service","Senior Staff",33,72
17356,"Dinkar Lindenbaum",53095,"Customer Service","Senior Staff",33,67
17362,"Ibibia Plavsic",59341,"Customer Service","Senior Staff",37,69
17372,"Adil Conti",70034,"Customer Service","Senior Staff",34,62
17380,"Giao Lamma",47352,"Customer Service",Engineer,39,64
17398,"Vishwani Rosenbaum",70656,"Customer Service","Senior Staff",40,68
17400,"Basim Aamodt",55958,"Customer Service",Engineer,34,64
17412,"Leni Vilarrasa",51829,"Customer Service",Staff,39,73
17439,"Aemilian Basagni",71295,"Customer Service",Engineer,34,72
17444,"Yechiam Bednarek",76228,"Customer Service","Senior Staff",41,65
17466,"Yagil Peron",56298,"Customer Service","Senior Staff",34,71
17473,"Constantine Ravishankar",65053,"Customer Service","Senior Staff",39,61
17503,"Yonghoan Murillo",71964,"Customer Service","Senior Engineer",40,63
17551,"Mark Foote",79794,"Customer Service",Engineer,27,72
17561,"Zhanqiu Chorvat",52371,"Customer Service","Senior Staff",35,69
17564,"Goetz Koblitz",65088,"Customer Service","Senior Staff",38,65
17578,"Janche Molenkamp",95612,"Customer Service","Senior Engineer",37,61
17585,"Dannz Wixon",51934,"Customer Service","Senior Staff",34,64
17586,"Lein Halevi",59057,"Customer Service","Senior Staff",38,71
17595,"Sachar Ghemri",74108,"Customer Service","Senior Staff",37,62
17597,"Sanjai Vidya",87912,"Customer Service","Senior Staff",38,66
17602,"Jouni Kusakari",56816,"Customer Service","Senior Staff",33,61
17603,"Shin Ulupinar",57374,"Customer Service","Senior Staff",35,73
17616,"Radhia Gecseg",52103,"Customer Service","Senior Staff",38,63
17639,"Jamaludin Spelt",75852,"Customer Service","Senior Staff",38,67
17640,"Sakthirel Zastre",58739,"Customer Service",Staff,39,61
17651,"Mokhtar Kamble",71592,"Customer Service","Senior Staff",36,72
17653,"Qingxiang Erva",97968,"Customer Service",Staff,32,65
17672,"Satosi Setlzner",95426,"Customer Service","Senior Engineer",38,63
17701,"Mari Cherinka",64127,"Customer Service","Senior Staff",36,63
17715,"Patricia Dayana",47128,"Customer Service",Staff,40,64
17721,"Chiranjit Hertweck",75288,"Customer Service","Senior Staff",27,64
17756,"Candida Serot",76377,"Customer Service","Senior Engineer",32,66
17778,"Chirstian Matzov",62353,"Customer Service","Senior Staff",40,72
17794,"Duke Baaleh",64980,"Customer Service",Staff,33,70
17822,"Elliott Maliniak",71464,"Customer Service","Senior Staff",34,68
17843,"Kensyu Kragelund",45781,"Customer Service",Staff,39,62
17878,"Gil Lanphier",88320,"Customer Service","Senior Staff",39,64
17953,"Sugwoo Vesna",69351,"Customer Service","Senior Staff",40,62
17978,"Yinghua Riefers",69709,"Customer Service","Senior Staff",38,63
17995,"Oldrich Vickson",68447,"Customer Service","Senior Staff",39,73
17998,"Arumugam Benzaken",68377,"Customer Service","Senior Staff",39,63
18005,"Collette Basart",68951,"Customer Service","Senior Staff",37,68
18006,"Vidya Hanabata",144866,"Customer Service","Senior Staff",38,72
18033,"Shan Halevi",60391,"Customer Service","Senior Staff",40,62
18037,"Kwangsub Takanami",66589,"Customer Service","Senior Staff",40,69
18067,"Masasuke Dayana",60254,"Customer Service",Staff,31,69
18072,"Cedric Kalsbeek",76421,"Customer Service","Senior Staff",40,62
18081,"Conal Range",77464,"Customer Service","Senior Staff",40,68
18093,"Larisa Jarecki",55318,"Customer Service","Senior Staff",36,68
18100,"Danai Brlek",54599,"Customer Service",Engineer,40,65
18118,"Debaprosad Chenney",75701,"Customer Service","Senior Staff",32,67
18123,"Kristinn Hitomi",55044,"Customer Service",Staff,38,72
18133,"Menkae Zeilberger",44033,"Customer Service",Staff,32,69
18168,"Shugo Stassinopoulos",55396,"Customer Service","Technique Leader",33,61
18181,"Gregory Beerel",72646,"Customer Service","Senior Staff",38,71
18184,"Basil Bonifati",56178,"Customer Service","Senior Staff",34,63
18196,"Sachio Taneja",89889,"Customer Service","Senior Engineer",40,69
18212,"Constantino Journel",72497,"Customer Service","Senior Staff",40,71
18216,"Jolita Malinowski",46659,"Customer Service","Senior Staff",40,69
18220,"Shugo Impagliazzo",54474,"Customer Service",Staff,33,71
18231,"Rafols Falby",71245,"Customer Service","Senior Staff",33,71
18245,"Waiman Otillio",40000,"Customer Service","Senior Staff",36,67
18248,"Jouko Zwicker",60696,"Customer Service","Senior Staff",40,65
18264,"DeForest Birta",73906,"Customer Service","Senior Staff",37,68
18283,"Felicidad Steinauer",60869,"Customer Service","Senior Staff",32,73
18291,"Mechthild Nitto",63190,"Customer Service","Senior Staff",34,71
18293,"Atilio Panwar",51726,"Customer Service",Engineer,28,66
18344,"Jackson Nollmann",52882,"Customer Service","Senior Staff",34,70
18371,"Ramzi Goldhammer",71492,"Customer Service","Senior Engineer",35,71
18373,"Alejandro Iivonen",70987,"Customer Service","Senior Staff",38,69
18377,"Paraskevi Farris",42682,"Customer Service",Staff,40,61
18379,"Xuedong Bail",67525,"Customer Service","Senior Engineer",35,71
18396,"Uriel Luef",67001,"Customer Service","Senior Staff",32,71
18397,"Behnaam Coorg",66605,"Customer Service","Senior Staff",36,71
18400,"Pantung Schusler",64909,"Customer Service","Senior Engineer",33,63
18402,"Bernice Ritzmann",80178,"Customer Service","Senior Staff",40,73
18440,"Kagan Schrooten",52212,"Customer Service",Staff,30,62
18459,"Shuzo Kavanagh",72338,"Customer Service","Senior Staff",37,70
18486,"Mrinalini Krohm",79401,"Customer Service","Senior Staff",38,67
18494,"Marlo Chepyzhov",77457,"Customer Service",Staff,31,62
18567,"Jacqueline Grospietsch",54691,"Customer Service","Senior Staff",34,63
18581,"Mitsuyuki Ranai",131692,"Customer Service","Senior Staff",38,73
18583,"Stafford Honglei",46373,"Customer Service",Staff,35,61
18596,"Quingbo Waymire",66920,"Customer Service","Senior Staff",34,72
18619,"Mohammad Jahnichen",56161,"Customer Service","Technique Leader",32,63
18646,"Filipe Gecsel",51457,"Customer Service",Staff,36,71
18649,"Udaiprakash Kusakari",68461,"Customer Service","Senior Staff",40,66
18653,"Barun Orlowski",56752,"Customer Service","Senior Staff",40,67
18662,"Bouchung Luck",56208,"Customer Service",Staff,39,71
18705,"Manibrata Msuda",58148,"Customer Service","Senior Engineer",29,71
18709,"Rosli Hiltgen",65621,"Customer Service","Senior Staff",35,66
18710,"Kish Dayana",57434,"Customer Service","Senior Staff",40,62
18720,"Itzchak Cooke",48458,"Customer Service",Staff,27,68
18722,"Cullen Bennet",62535,"Customer Service",Staff,31,68
18750,"Suzette Rodham",95707,"Customer Service","Senior Staff",32,64
18753,"Chenyi Hofmeyr",68981,"Customer Service","Senior Staff",32,62
18777,"Adam Rahier",64370,"Customer Service","Senior Staff",40,61
18813,"Jeane Heystek",63392,"Customer Service","Senior Engineer",36,65
18818,"Janalee Panangaden",54494,"Customer Service",Staff,34,67
18819,"Boalin Swiler",44228,"Customer Service",Staff,27,66
18825,"Florian Setiz",79158,"Customer Service","Senior Staff",37,72
18831,"Mostafa Garigliano",61132,"Customer Service","Senior Engineer",36,62
18856,"Paddy Vendrig",63747,"Customer Service","Senior Staff",33,63
18873,"Sashi Demeyer",58129,"Customer Service","Senior Staff",36,65
18883,"Paddy Sidou",55160,"Customer Service","Senior Staff",36,66
18886,"Ramya Peek",71801,"Customer Service","Senior Staff",36,73
18893,"Eben Randi",41118,"Customer Service",Staff,37,62
18900,"Lucian Nannarelli",51602,"Customer Service","Senior Staff",36,64
18931,"Tzvetan Simmel",54161,"Customer Service",Staff,39,65
18934,"Seshu Isaak",41787,"Customer Service",Staff,33,68
18936,"Rimli Mitchem",61923,"Customer Service","Senior Staff",37,64
18948,"Shai Muhlberg",59916,"Customer Service","Senior Staff",36,71
18978,"Fox Perin",49602,"Customer Service",Staff,31,69
18996,"Krassimir Peot",40000,"Customer Service",Engineer,37,63
19004,"Kensyu Shimshoni",62647,"Customer Service","Senior Engineer",32,67
19035,"Fuqing Bellone",79583,"Customer Service","Senior Engineer",38,73
19053,"Haldon Koprowski",55120,"Customer Service","Senior Staff",35,66
19098,"Heng Hasenauer",43167,"Customer Service",Staff,36,63
19160,"Tetsurou Jervis",103688,"Customer Service","Senior Staff",40,70
19168,"Lijia Dulin",86292,"Customer Service",Staff,29,71
19176,"Kien Rajcani",86631,"Customer Service","Senior Staff",37,70
19188,"Marco Baer",42539,"Customer Service",Engineer,30,65
19210,"Huican Mondadori",72044,"Customer Service","Senior Staff",39,61
19232,"Chandrasekaran Bodoff",50582,"Customer Service","Senior Staff",38,63
19246,"Martins Angot",43466,"Customer Service",Staff,40,66
19256,"Rosita Riexinger",58256,"Customer Service","Senior Staff",37,72
19260,"Giao Baja",87924,"Customer Service","Senior Staff",34,69
19266,"Munehiko Reutenauer",51595,"Customer Service",Staff,38,61
19292,"Abdelaziz Slobodova",55150,"Customer Service","Senior Staff",35,64
19296,"Vatsa Mellouli",62914,"Customer Service",Staff,38,63
19299,"Djenana Leslie",71598,"Customer Service","Senior Engineer",40,66
19318,"Xianlong Halevi",86389,"Customer Service","Senior Staff",39,71
19337,"Gift Taneja",67868,"Customer Service","Senior Staff",39,70
19340,"Chenxi Percebois",73308,"Customer Service","Senior Staff",32,67
19350,"Satoru Yoshizawa",53560,"Customer Service","Senior Staff",35,61
19356,"Masato Prenel",74153,"Customer Service","Senior Staff",40,72
19376,"Chenyi Iivonen",40966,"Customer Service",Staff,29,67
19387,"Aris Birdsall",52906,"Customer Service","Senior Staff",33,64
19397,"Arnd Diderrich",75680,"Customer Service","Senior Staff",41,70
19402,"Berna Legleitner",62703,"Customer Service","Senior Staff",40,63
19405,"Shiv Alblas",57835,"Customer Service",Staff,27,63
19430,"Candida Validov",48443,"Customer Service",Staff,40,69
19448,"Malu Kaminger",97017,"Customer Service","Senior Staff",34,66
19450,"Nishit Schrift",70276,"Customer Service",Staff,34,67
19453,"Baoqiu Buescher",44711,"Customer Service","Senior Staff",38,70
19461,"Masali Butterworth",56695,"Customer Service","Senior Staff",32,68
19463,"Jacopo Bresenham",57570,"Customer Service","Senior Staff",35,68
19467,"Mitchel Ecklund",75294,"Customer Service","Senior Staff",39,73
19471,"Danil Jansch",47282,"Customer Service",Staff,32,64
19472,"Souichi Stroustrup",58709,"Customer Service","Senior Staff",30,70
19475,"Limsoon Muchinsky",79346,"Customer Service","Senior Staff",29,72
19509,"Shushma Velasco",62276,"Customer Service","Senior Staff",38,68
19513,"Rosalyn Siepmann",76293,"Customer Service","Senior Staff",31,70
19528,"Pohua Nooteboom",73040,"Customer Service",Staff,31,68
19530,"Barry Dratva",47864,"Customer Service","Senior Staff",28,72
19531,"Phillip Picel",80373,"Customer Service","Senior Staff",39,69
19534,"Satosi Moehrke",52674,"Customer Service",Staff,29,70
19542,"Xiaoqiu Biron",53588,"Customer Service","Senior Staff",35,63
19609,"Owen Ramsay",61871,"Customer Service","Senior Staff",32,71
19612,"Chenxi Erdmenger",125983,"Customer Service","Senior Staff",39,71
19630,"Fay Karner",40861,"Customer Service",Staff,36,64
19635,"Basant Pelz",74381,"Customer Service","Senior Staff",38,68
19645,"Mokhtar Decaestecker",69495,"Customer Service","Senior Staff",38,62
19647,"Zeydy Melichar",52815,"Customer Service","Senior Staff",36,62
19664,"JiYoung Khalil",56131,"Customer Service","Senior Staff",31,67
19668,"Goa Kolinko",64955,"Customer Service",Staff,33,73
19670,"Khatoun Basagni",64555,"Customer Service","Senior Staff",36,72
19674,"Mart Varley",46751,"Customer Service","Senior Staff",40,73
19692,"Aemilian Moehrke",65031,"Customer Service","Senior Staff",40,67
19711,"Leucio Picco",60487,"Customer Service","Senior Staff",34,61
19712,"Kristine Litzler",78224,"Customer Service","Senior Staff",40,72
19715,"Gully Rosen",56787,"Customer Service",Staff,33,69
19719,"Brendon Shokrollahi",59637,"Customer Service","Senior Staff",35,74
19727,"Serge Milicia",50036,"Customer Service","Senior Engineer",30,64
19753,"Yonghong Suri",40000,"Customer Service",Staff,33,67
19766,"Saeed Munke",80711,"Customer Service","Senior Staff",40,70
19794,"Kellyn Danecki",87506,"Customer Service","Senior Staff",34,66
19801,"Xiaopeng Solovay",44979,"Customer Service","Senior Staff",36,73
19835,"Patricio Baek",70250,"Customer Service",Staff,35,62
19836,"Gladys Levasseur",85593,"Customer Service",Staff,40,66
19846,"Dinkar Feldmann",98899,"Customer Service","Senior Staff",40,63
19857,"Taisook Boreale",74413,"Customer Service",Staff,32,69
19863,"Nectarios Pocchiola",45035,"Customer Service",Staff,30,64
19867,"Wuxu Litzkow",53582,"Customer Service","Senior Staff",34,68
19894,"Bernardo Ullian",56151,"Customer Service",Staff,31,62
19927,"Siamak Terlouw",48214,"Customer Service",Staff,30,73
19955,"IEEE Conry",98874,"Customer Service","Senior Staff",39,71
19960,"Hyuncheol Khalil",47512,"Customer Service",Staff,36,68
19964,"Shrikanth Wilfing",43844,"Customer Service","Technique Leader",33,64
19974,"Maik Pouyioutas",49086,"Customer Service",Staff,29,72
19984,"Zhonghui Taubenfeld",87473,"Customer Service","Senior Engineer",37,72
20000,"Jenwei Matzke",55580,"Customer Service","Senior Engineer",35,64
20009,"Yakkov Krybus",85369,"Customer Service","Senior Staff",38,64
20010,"Saniya Veccia",50627,"Customer Service",Staff,28,65
20035,"Guoxiang Trogemann",69900,"Customer Service","Senior Staff",40,66
20036,"Jaber Katiyar",60835,"Customer Service",Engineer,39,63
20041,"Chikara Lienhardt",79694,"Customer Service","Senior Staff",36,73
20076,"Jeong Mellouli",50828,"Customer Service","Senior Staff",35,63
20080,"Odoardo Heiserman",54203,"Customer Service","Senior Engineer",34,64
20094,"Abdelwaheb Chepyzhov",58009,"Customer Service","Senior Staff",32,61
20109,"Muzhong Rodier",80150,"Customer Service","Senior Staff",40,68
20112,"Guoxiang Reutenauer",45868,"Customer Service",Staff,34,66
20117,"Yoshimitsu Hanabata",82549,"Customer Service","Senior Engineer",39,72
20123,"Gita Falco",44141,"Customer Service","Senior Staff",32,65
20125,"Yakkov Lanteri",57302,"Customer Service","Senior Staff",33,67
20126,"Tayeb Langford",68673,"Customer Service",Staff,28,73
20127,"Dipankar Butner",45980,"Customer Service","Senior Staff",35,69
20128,"Kazunori Peak",43271,"Customer Service","Senior Staff",36,61
20135,"Ipke Akazan",65617,"Customer Service",Engineer,36,73
20143,"Conor Cesareni",47110,"Customer Service",Staff,41,69
20160,"Gaurav Gerteisen",95474,"Customer Service",Staff,33,70
20189,"Mark Nanard",70171,"Customer Service","Senior Engineer",39,71
20197,"Bodo Braccini",44352,"Customer Service",Staff,37,70
20204,"Shounak Conia",58068,"Customer Service",Staff,36,65
20214,"Arvind Baer",49936,"Customer Service","Senior Staff",37,68
20215,"Bingning Yoshizawa",54082,"Customer Service","Senior Staff",33,71
20229,"Bezalel Schaar",61553,"Customer Service","Senior Engineer",34,62
20239,"Tua Heystek",87236,"Customer Service",Staff,31,71
20242,"Kwee Impagliazzo",72125,"Customer Service","Senior Staff",32,66
20248,"Vidar Demri",45428,"Customer Service",Staff,33,61
20249,"Kristen Moffat",56953,"Customer Service","Senior Engineer",34,71
20280,"Reuven Krybus",67390,"Customer Service","Senior Staff",37,68
20287,"Hyuckchul Auria",57344,"Customer Service","Senior Staff",36,64
20289,"Hisao Huxford",46228,"Customer Service",Staff,29,64
20302,"Piyawadee Serot",56587,"Customer Service",Staff,32,67
20304,"Abdulla Zultner",53308,"Customer Service","Senior Staff",38,68
20311,"Pranav Brookner",74012,"Customer Service","Senior Staff",39,68
20315,"Clyde Kornyak",71038,"Customer Service","Senior Staff",36,66
20316,"Kellie Krybus",55573,"Customer Service","Senior Staff",39,71
20348,"Narain Bressoud",44257,"Customer Service","Senior Staff",31,73
20368,"Denis Samarati",67307,"Customer Service","Senior Staff",41,73
20376,"Katsuyuki Doering",70541,"Customer Service",Staff,35,71
20424,"Harjit Murrill",121458,"Customer Service","Senior Staff",38,66
20425,"True Schapiro",46427,"Customer Service",Staff,37,73
20429,"Taiji Ouhyoung",61953,"Customer Service","Senior Staff",35,63
20438,"Fai Erman",58168,"Customer Service","Senior Staff",32,71
20442,"Jiann Picht",91827,"Customer Service","Senior Engineer",36,71
20446,"Niteen Peroz",48565,"Customer Service",Staff,31,62
20487,"Susanna Brodie",80499,"Customer Service","Senior Staff",40,64
20500,"Christoph Trystram",59968,"Customer Service","Senior Staff",33,61
20504,"Frederique Conta",57870,"Customer Service","Senior Staff",34,65
20512,"Shmuel Werthner",54973,"Customer Service","Senior Staff",37,66
20583,"Mahendra Siegrist",64756,"Customer Service","Senior Staff",40,64
20594,"Zhongwei Bazelow",70538,"Customer Service",Staff,32,66
20606,"Marjo Speer",62414,"Customer Service","Senior Staff",37,72
20668,"Rafols Baer",88971,"Customer Service","Senior Staff",37,62
20677,"Samphel Chartres",89999,"Customer Service",Staff,37,67
20678,"Aamer Parveen",64722,"Customer Service","Senior Staff",39,62
20683,"Irena Daescu",53218,"Customer Service",Staff,31,72
20686,"Masasuke Dahlbom",70574,"Customer Service","Senior Engineer",36,73
20713,"Dinah Falco",64788,"Customer Service","Technique Leader",33,71
20747,"Kotesh Erol",74146,"Customer Service","Senior Staff",40,69
20749,"Chenyi Capobianchi",69042,"Customer Service","Senior Staff",37,69
20756,"Troy Macedo",40000,"Customer Service",Staff,33,64
20761,"Tesuro Muhling",54488,"Customer Service",Staff,31,69
20783,"Dipankar Lunt",51820,"Customer Service","Senior Staff",33,72
20804,"Toshimori Lunn",87336,"Customer Service","Senior Staff",31,72
20812,"Masako Dengi",52449,"Customer Service","Senior Staff",33,72
20838,"Odoardo Godskesen",47501,"Customer Service",Staff,33,64
20840,"Leandro Tzvieli",58887,"Customer Service",Staff,39,63
20852,"Shuichi Janetzko",71317,"Customer Service","Senior Engineer",30,70
20858,"Kazuhira Marwedel",57466,"Customer Service",Staff,30,62
20871,"Shigeu Picci",76389,"Customer Service","Senior Staff",32,64
20876,"Tzu Awdeh",46891,"Customer Service",Staff,31,68
20879,"Ortrud Burnard",61909,"Customer Service","Senior Staff",33,68
20906,"Saeed Ranta",47459,"Customer Service",Staff,39,63
20909,"Zvonko Perko",86487,"Customer Service",Staff,35,64
20920,"Dinkar Dredge",49086,"Customer Service",Staff,30,70
20941,"Sanjit Vendrig",39969,"Customer Service",Staff,39,68
20955,"Toshimitsu DuCasse",91940,"Customer Service","Senior Staff",41,66
20986,"Chenyi Alencar",67853,"Customer Service","Senior Staff",36,69
20996,"Adin Chelton",73182,"Customer Service","Senior Staff",38,61
21004,"Pranas McConalogue",56441,"Customer Service",Staff,37,69
21012,"Heekeun Eickenmeyer",94682,"Customer Service","Senior Engineer",34,70
21040,"Gunilla Borovoy",101578,"Customer Service","Senior Staff",32,61
21049,"Zdislav Solares",62709,"Customer Service","Senior Staff",33,64
21064,"Shao Dayana",64805,"Customer Service","Senior Staff",36,67
21079,"Vidya Deville",52309,"Customer Service",Staff,36,70
21108,"Heon Quittner",87729,"Customer Service","Senior Staff",39,69
21129,"Christoph Mitzlaff",40000,"Customer Service",Staff,37,66
21141,"Ohad Farrag",72468,"Customer Service","Senior Engineer",36,65
21170,"Sakthirel Hinsberger",48036,"Customer Service","Senior Staff",38,67
21171,"Emdad Bressoud",51794,"Customer Service",Staff,38,72
21175,"Alper Gerlach",74477,"Customer Service","Senior Staff",39,65
21183,"Ugo Waeselynck",65113,"Customer Service","Senior Staff",38,65
21185,"Ortrud Eiter",56562,"Customer Service","Senior Staff",31,65
21221,"Shaunak Mateescu",56833,"Customer Service",Staff,29,69
21245,"Ortrud Peot",81178,"Customer Service","Senior Staff",39,67
21256,"Gio Thiran",49525,"Customer Service",Staff,35,69
21263,"Tsvetan Back",56389,"Customer Service","Senior Staff",40,64
21309,"Macha Kruskal",57065,"Customer Service",Staff,33,69
21318,"Fumitaka Auria",68396,"Customer Service","Senior Staff",34,65
21347,"Francesca Ghalwash",107405,"Customer Service","Senior Staff",39,73
21372,"Dung Felder",58460,"Customer Service","Senior Staff",40,67
21401,"Uzi Vakili",85566,"Customer Service","Assistant Engineer",33,70
21411,"Fox Pouyioutas",50319,"Customer Service",Engineer,29,63
21417,"Perry Giaccio",57354,"Customer Service","Senior Staff",36,62
21430,"Utz Kaminger",41493,"Customer Service","Senior Engineer",31,71
21450,"Shuji Strehl",107861,"Customer Service","Senior Staff",37,72
21454,"Zsolt Pocchiola",77592,"Customer Service","Senior Staff",40,72
21468,"Bokyung Stanfel",61363,"Customer Service","Senior Staff",34,70
21498,"Aemilian Quadeer",39668,"Customer Service",Engineer,32,74
21510,"Geoffry Veccia",72758,"Customer Service","Senior Staff",39,67
21518,"Minghong Slaats",85107,"Customer Service","Senior Staff",38,73
21537,"Boutros Mitchem",90486,"Customer Service",Staff,37,70
21541,"Mahendra Krupka",62066,"Customer Service","Senior Staff",33,72
21577,"Chiranjit Gill",60581,"Customer Service",Staff,39,66
21583,"Elliott Fasbender",62613,"Customer Service","Senior Staff",40,71
21589,"Lobel Klerer",58477,"Customer Service","Senior Staff",37,62
21599,"Tzvetan Kaiser",46823,"Customer Service",Staff,30,71
21609,"Sibyl Pappas",107198,"Customer Service","Senior Staff",39,72
21622,"Hyuckchul Rosis",45808,"Customer Service","Senior Staff",31,68
21636,"Munir Erde",77006,"Customer Service","Senior Staff",40,73
21652,"Boalin Stentiford",41443,"Customer Service","Senior Staff",32,66
21677,"Zhensheng Kavvadias",64679,"Customer Service","Senior Staff",37,73
21683,"Jiang Velasco",79059,"Customer Service","Senior Staff",40,73
21711,"Shin Bach",82099,"Customer Service",Staff,29,67
21719,"Mori Cyne",51932,"Customer Service",Staff,32,67
21734,"Waiman Garrabrants",68152,"Customer Service","Senior Staff",40,67
21738,"Sachem Varley",46915,"Customer Service",Engineer,40,66
21758,"Susumu Picht",117329,"Customer Service","Senior Staff",39,73
21767,"Supot Lieblein",67176,"Customer Service","Senior Staff",39,73
21770,"Licheng Munoz",65263,"Customer Service",Staff,39,65
21778,"Arup Melton",46672,"Customer Service",Staff,26,61
21780,"Vasilis Plumb",46944,"Customer Service",Staff,35,63
21783,"Domenick Qiwen",104617,"Customer Service","Senior Engineer",40,70
21792,"Lech Rosar",44028,"Customer Service",Staff,38,63
21798,"Kristof Katzenelson",58579,"Customer Service","Senior Staff",35,63
21816,"Xiaoheng dAstous",49113,"Customer Service","Senior Staff",37,63
21819,"Yannik Ducloy",51173,"Customer Service","Senior Staff",37,64
21822,"Uma Sabnani",61432,"Customer Service","Senior Staff",37,72
21841,"Raimond Goldhammer",51636,"Customer Service","Senior Staff",28,65
21896,"Ingmar Leslie",62014,"Customer Service","Senior Staff",34,61
21907,"Ziva Crooks",74982,"Customer Service","Senior Staff",40,63
21917,"Sadun Pews",72482,"Customer Service","Senior Engineer",39,68
21933,"Taizo Paludetto",71314,"Customer Service","Senior Staff",40,64
21938,"Arvind Ranai",56316,"Customer Service",Staff,34,66
21953,"Bader Michaels",95326,"Customer Service",Staff,40,73
21971,"Dulce Seuren",49372,"Customer Service","Senior Staff",34,66
21990,"Reinhold Kobara",75300,"Customer Service","Senior Staff",36,64
21999,"Divier Bresenham",69954,"Customer Service","Senior Staff",38,69
22023,"Mart Vidya",69785,"Customer Service","Senior Staff",37,72
22026,"Abdulla Thorelli",42269,"Customer Service",Staff,36,65
22049,"Ugo Klerer",79033,"Customer Service","Senior Staff",34,64
22069,"Pohua Back",77267,"Customer Service","Senior Staff",34,67
22075,"Theron Llado",72274,"Customer Service","Senior Staff",37,62
22087,"Vatsa Fortenbacher",54344,"Customer Service",Staff,38,65
22091,"Sudharsan Hasenauer",40000,"Customer Service",Engineer,36,62
22100,"Vishwani Spataro",119282,"Customer Service","Senior Staff",39,70
22112,"Yucai Constantine",69927,"Customer Service","Senior Staff",34,71
22132,"Manohar Suermann",74598,"Customer Service","Senior Staff",36,65
22141,"Martial Lenart",54768,"Customer Service","Senior Staff",34,61
22168,"Miquel Kenevan",47590,"Customer Service","Senior Staff",29,72
22171,"Jaideep Crooks",45793,"Customer Service",Staff,27,73
22181,"Moty Varley",52880,"Customer Service","Senior Staff",36,65
22201,"Zhiguo Fargier",59873,"Customer Service","Senior Staff",34,69
22223,"Inderjeet Openshaw",65740,"Customer Service",Staff,34,61
22227,"Uri Castellani",50082,"Customer Service",Staff,32,62
22230,"Jiang Schapire",75096,"Customer Service","Senior Staff",38,66
22236,"Barna Parascandalo",50575,"Customer Service",Staff,34,67
22241,"Tetsushi Zirintsis",42843,"Customer Service",Staff,29,62
22242,"Duro Siprelle",62917,"Customer Service","Senior Staff",31,67
22272,"Marin Hertweck",88094,"Customer Service","Senior Staff",40,69
22332,"Rosine Hebden",73846,"Customer Service","Senior Staff",40,72
22336,"Xiaoqiu Gide",63225,"Customer Service","Senior Engineer",35,69
22337,"Leszek Picci",65150,"Customer Service","Senior Staff",40,71
22361,"Teunis Baalen",62746,"Customer Service","Senior Staff",37,65
22368,"LiMin Thiria",40000,"Customer Service",Staff,38,63
22384,"Billur Ellozy",92764,"Customer Service","Senior Engineer",40,62
22401,"Marie Castellani",52731,"Customer Service","Senior Staff",34,65
22431,"Garnet Benzmuller",52181,"Customer Service","Senior Engineer",32,68
22450,"Jackson Schnelling",57261,"Customer Service","Senior Staff",32,72
22487,"Marc Giarratana",59245,"Customer Service","Senior Engineer",33,69
22491,"Behnaam Kushnir",54163,"Customer Service",Staff,36,70
22516,"Aemilian Barreiro",66454,"Customer Service","Senior Staff",31,65
22526,"Gennady Kaiser",55793,"Customer Service","Senior Staff",37,66
22537,"Zhonghui Dolinsky",45632,"Customer Service",Staff,30,70
22541,"Lillian Rajaraman",45692,"Customer Service","Senior Staff",29,68
22549,"Reinhard Michaels",83608,"Customer Service","Senior Staff",38,71
22604,"Susuma Norsworthy",82305,"Customer Service",Engineer,39,65
22623,"Tommaso Champarnaud",63611,"Customer Service","Senior Engineer",40,73
22626,"Sachin Uhrig",58865,"Customer Service",Staff,39,61
22627,"Nishit Rodiger",85599,"Customer Service",Staff,31,72
22663,"Bokyung Fargier",107552,"Customer Service","Senior Engineer",40,72
22680,"Shuichi Merks",86622,"Customer Service","Senior Engineer",34,62
22714,"Margareta Pluym",49668,"Customer Service","Senior Staff",37,64
22718,"Teiji Senzako",55118,"Customer Service",Staff,32,73
22734,"Iara Jenevein",59139,"Customer Service","Senior Staff",36,68
22739,"Willard Luga",57032,"Customer Service","Senior Engineer",37,62
22772,"Sandeepan McClurg",79222,"Customer Service","Senior Staff",39,70
22783,"Takahiro Beerel",125032,"Customer Service","Senior Staff",40,70
22788,"Prasadram Plumb",52320,"Customer Service","Senior Staff",40,74
22801,"Chuanyi Hiroyama",70305,"Customer Service","Senior Engineer",40,62
22830,"Hilary Buchter",55400,"Customer Service","Senior Engineer",30,65
22844,"Barna Riesenhuber",54533,"Customer Service","Senior Staff",29,70
22867,"Huei Flexer",78004,"Customer Service",Staff,29,67
22881,"Eishiro Demos",51509,"Customer Service","Senior Staff",31,68
22894,"Muzhong Casley",101254,"Customer Service","Senior Staff",41,70
22898,"Masaki Siprelle",67757,"Customer Service","Senior Staff",36,62
22915,"Filipe Luders",48893,"Customer Service","Senior Staff",37,63
22953,"Adhemar Bashian",55694,"Customer Service","Senior Staff",37,71
22954,"Nahla Holburn",62264,"Customer Service","Senior Staff",37,67
22958,"Reuven Rosay",65562,"Customer Service","Senior Engineer",40,65
22983,"Fabrizio Schmittgen",73814,"Customer Service","Senior Staff",33,64
22998,"Oddvar Litecky",40000,"Customer Service",Engineer,40,62
23062,"Divier Jarecki",86135,"Customer Service","Senior Staff",40,64
23080,"Poorav Schach",57822,"Customer Service","Senior Staff",30,65
23119,"Yaghout Byoun",76407,"Customer Service","Senior Staff",39,70
23125,"Przemyslawa Wossner",71950,"Customer Service",Staff,33,67
23131,"Dhritiman Cyre",42978,"Customer Service","Senior Staff",32,71
23141,"Sivanarayana Schwaller",55263,"Customer Service",Staff,40,64
23145,"Vidya Sidou",82229,"Customer Service","Senior Staff",40,64
23164,"Vasiliy Joslin",76225,"Customer Service","Senior Staff",39,68
23200,"Mario Magalhaes",54963,"Customer Service",Staff,40,64
23204,"Adib Lieblein",56759,"Customer Service","Senior Staff",38,73
23214,"Nikolaos Suermann",46126,"Customer Service",Staff,28,66
23216,"Zito Stassinopoulos",52527,"Customer Service",Staff,36,72
23227,"Sanjit Preusig",96198,"Customer Service","Senior Staff",39,61
23232,"Sajjad Sambasivam",53962,"Customer Service","Technique Leader",32,67
23239,"Kankanahalli Nitsch",55820,"Customer Service","Senior Staff",34,63
23242,"Hongzue Georg",92578,"Customer Service","Senior Staff",35,62
23251,"Mototsugu Hebert",47767,"Customer Service",Engineer,29,67
23267,"Saniya Honglei",49554,"Customer Service",Staff,30,66
23276,"Dipankar Rodiger",55702,"Customer Service","Senior Staff",29,70
23291,"Mohd Reeken",48348,"Customer Service","Senior Staff",31,64
23308,"Adib Henders",67100,"Customer Service",Staff,30,64
23315,"Yuichiro Brendel",62480,"Customer Service","Senior Staff",33,73
23318,"Chenxi Pappas",56367,"Customer Service","Senior Staff",37,67
23321,"Patricio Anandan",51546,"Customer Service",Staff,31,65
23378,"Arunachalam Schade",52509,"Customer Service","Senior Staff",34,67
23389,"Yongmin Coney",86824,"Customer Service","Senior Staff",36,68
23411,"Caolyn Birrer",68267,"Customer Service",Staff,32,65
23420,"Rosli Gronowski",85073,"Customer Service","Senior Engineer",39,73
23421,"Hironoby Denti",55440,"Customer Service",Staff,39,70
23429,"Shigenori Poulakidas",56318,"Customer Service","Senior Staff",34,64
23513,"Szabolcs Segond",48654,"Customer Service","Senior Staff",34,64
23520,"Shaowen Gunderson",69056,"Customer Service",Staff,33,74
23521,"Goh Pappas",62835,"Customer Service","Senior Staff",38,70
23525,"Nirmal Biran",70643,"Customer Service",Staff,35,63
23562,"Changho Rathonyi",56588,"Customer Service","Senior Staff",32,69
23576,"Sumant Rajcani",43576,"Customer Service","Senior Staff",32,66
23578,"Adam Mandell",56524,"Customer Service","Senior Staff",38,67
23582,"Chenyi Linnainmaa",40000,"Customer Service","Senior Staff",35,67
23592,"Marek Templeman",83931,"Customer Service","Senior Staff",40,71
23601,"Sanjoy McClurg",45403,"Customer Service",Staff,36,68
23611,"Duangkaew Crelier",85574,"Customer Service",Staff,32,67
23620,"Clyde Reeker",98770,"Customer Service","Senior Staff",37,71
23631,"Jaber Servieres",76329,"Customer Service",Engineer,37,61
23648,"Jinxi Luiz",72381,"Customer Service","Senior Staff",40,70
23657,"Hideyuki Perez",70277,"Customer Service","Senior Engineer",35,66
23662,"Falguni Angel",48518,"Customer Service","Senior Staff",33,72
23690,"Giap Rosay",75578,"Customer Service","Senior Staff",41,68
23698,"Margo Lambe",46326,"Customer Service",Staff,28,70
23732,"Jianwen Burnard",65092,"Customer Service",Staff,30,61
23735,"Sumali Leuchs",71189,"Customer Service","Senior Staff",41,68
23736,"Shigeichiro Lindqvist",66948,"Customer Service","Senior Staff",38,64
23742,"Horward Parascandalo",55556,"Customer Service",Staff,35,72
23756,"Halsur Nannarelli",58549,"Customer Service","Senior Staff",31,74
23757,"Yaghout Ozery",77364,"Customer Service","Senior Staff",39,71
23775,"Kamran Coorg",60986,"Customer Service","Senior Staff",36,73
